item_id,title,description
1,Toy Story (1995),1
2,GoldenEye (1995),1
3,Four Rooms (1995),1
4,Get Shorty (1995),1
5,Copycat (1995),1
6,Shanghai Triad (Yao a yao yao dao waipo qiao) (1995),1
7,Twelve Monkeys (1995),1
8,Babe (1995),1
9,Dead Man Walking (1995),2
10,Richard III (1995),3
11,Seven (Se7en) (1995),4
12,"Usual Suspects, The (1995)",5
13,Mighty Aphrodite (1995),6
14,"Postino, Il (1994)",7
15,Mr. Holland's Opus (1995),8
16,French Twist (Gazon maudit) (1995),9
17,From Dusk Till Dawn (1996),10
18,"White Balloon, The (1995)",11
19,Antonia's Line (1995),12
20,Angels and Insects (1995),13
21,Muppet Treasure Island (1996),14
22,Braveheart (1995),15
23,Taxi Driver (1976),16
24,Rumble in the Bronx (1995),17
25,"Birdcage, The (1996)",18
26,"Brothers McMullen, The (1995)",19
27,Bad Boys (1995),20
28,Apollo 13 (1995),21
29,Batman Forever (1995),22
30,Belle de jour (1967),23
31,Crimson Tide (1995),24
32,Crumb (1994),25
33,Desperado (1995),26
34,"Doom Generation, The (1995)",27
35,Free Willy 2: The Adventure Home (1995),28
36,Mad Love (1995),29
37,Nadja (1994),30
38,"Net, The (1995)",31
39,Strange Days (1995),32
40,"To Wong Foo, Thanks for Everything! Julie Newmar (1995)",33
41,Billy Madison (1995),34
42,Clerks (1994),35
43,Disclosure (1994),36
44,Dolores Claiborne (1994),37
45,Eat Drink Man Woman (1994),38
46,Exotica (1994),39
47,Ed Wood (1994),40
48,Hoop Dreams (1994),41
49,I.Q. (1994),42
50,Star Wars (1977),43
51,Legends of the Fall (1994),44
52,"Madness of King George, The (1994)",45
53,Natural Born Killers (1994),46
54,Outbreak (1995),47
55,"Professional, The (1994)",48
56,Pulp Fiction (1994),49
57,Priest (1994),50
58,Quiz Show (1994),51
59,Three Colors: Red (1994),52
60,Three Colors: Blue (1993),53
61,Three Colors: White (1994),54
62,Stargate (1994),55
63,"Santa Clause, The (1994)",56
64,"Shawshank Redemption, The (1994)",57
65,What's Eating Gilbert Grape (1993),58
66,While You Were Sleeping (1995),59
67,Ace Ventura: Pet Detective (1994),60
68,"Crow, The (1994)",61
69,Forrest Gump (1994),62
70,Four Weddings and a Funeral (1994),63
71,"Lion King, The (1994)",64
72,"Mask, The (1994)",65
73,Maverick (1994),66
74,Faster Pussycat! Kill! Kill! (1965),67
75,Brother Minister: The Assassination of Malcolm X (1994),68
76,Carlito's Way (1993),69
77,"Firm, The (1993)",70
78,Free Willy (1993),71
79,"Fugitive, The (1993)",72
80,Hot Shots! Part Deux (1993),73
81,"Hudsucker Proxy, The (1994)",74
82,Jurassic Park (1993),75
83,Much Ado About Nothing (1993),76
84,Robert A. Heinlein's The Puppet Masters (1994),77
85,"Ref, The (1994)",78
86,"Remains of the Day, The (1993)",79
87,Searching for Bobby Fischer (1993),80
88,Sleepless in Seattle (1993),81
89,Blade Runner (1982),82
90,So I Married an Axe Murderer (1993),83
91,"Nightmare Before Christmas, The (1993)",84
92,True Romance (1993),85
93,Welcome to the Dollhouse (1995),86
94,Home Alone (1990),87
95,Aladdin (1992),88
96,Terminator 2: Judgment Day (1991),89
97,Dances with Wolves (1990),90
98,"Silence of the Lambs, The (1991)",91
99,Snow White and the Seven Dwarfs (1937),92
100,Fargo (1996),93
101,Heavy Metal (1981),94
102,"Aristocats, The (1970)",95
103,All Dogs Go to Heaven 2 (1996),96
104,Theodore Rex (1995),97
105,Sgt. Bilko (1996),98
106,Diabolique (1996),99
107,Moll Flanders (1996),100
108,Kids in the Hall: Brain Candy (1996),101
109,Mystery Science Theater 3000: The Movie (1996),102
110,Operation Dumbo Drop (1995),103
111,"Truth About Cats & Dogs, The (1996)",104
112,Flipper (1996),105
113,"Horseman on the Roof, The (Hussard sur le toit, Le) (1995)",106
114,Wallace & Gromit: The Best of Aardman Animation (1996),107
115,"Haunted World of Edward D. Wood Jr., The (1995)",108
116,Cold Comfort Farm (1995),109
117,"Rock, The (1996)",110
118,Twister (1996),111
119,Maya Lin: A Strong Clear Vision (1994),112
120,Striptease (1996),113
121,Independence Day (ID4) (1996),114
122,"Cable Guy, The (1996)",115
123,"Frighteners, The (1996)",116
124,Lone Star (1996),117
125,Phenomenon (1996),118
126,"Spitfire Grill, The (1996)",119
127,"Godfather, The (1972)",120
128,Supercop (1992),121
129,Bound (1996),122
130,Kansas City (1996),123
131,Breakfast at Tiffany's (1961),124
132,"Wizard of Oz, The (1939)",125
133,Gone with the Wind (1939),126
134,Citizen Kane (1941),127
135,2001: A Space Odyssey (1968),128
136,Mr. Smith Goes to Washington (1939),129
137,Big Night (1996),130
138,D3: The Mighty Ducks (1996),131
139,"Love Bug, The (1969)",132
140,Homeward Bound: The Incredible Journey (1993),133
141,"20,000 Leagues Under the Sea (1954)",134
142,Bedknobs and Broomsticks (1971),135
143,"Sound of Music, The (1965)",136
144,Die Hard (1988),137
145,"Lawnmower Man, The (1992)",138
146,Unhook the Stars (1996),139
147,"Long Kiss Goodnight, The (1996)",140
148,"Ghost and the Darkness, The (1996)",141
149,Jude (1996),142
150,Swingers (1996),143
151,Willy Wonka and the Chocolate Factory (1971),144
152,Sleeper (1973),145
153,"Fish Called Wanda, A (1988)",146
154,Monty Python's Life of Brian (1979),147
155,Dirty Dancing (1987),148
156,Reservoir Dogs (1992),149
157,Platoon (1986),150
158,Weekend at Bernie's (1989),151
159,Basic Instinct (1992),152
160,Glengarry Glen Ross (1992),153
161,Top Gun (1986),154
162,On Golden Pond (1981),155
163,"Return of the Pink Panther, The (1974)",156
164,"Abyss, The (1989)",157
165,Jean de Florette (1986),158
166,Manon of the Spring (Manon des sources) (1986),159
167,Private Benjamin (1980),160
168,Monty Python and the Holy Grail (1974),161
169,"Wrong Trousers, The (1993)",162
170,Cinema Paradiso (1988),163
171,Delicatessen (1991),164
172,"Empire Strikes Back, The (1980)",165
173,"Princess Bride, The (1987)",166
174,Raiders of the Lost Ark (1981),167
175,Brazil (1985),168
176,Aliens (1986),169
177,"Good, The Bad and The Ugly, The (1966)",170
178,12 Angry Men (1957),171
179,"Clockwork Orange, A (1971)",172
180,Apocalypse Now (1979),173
181,Return of the Jedi (1983),174
182,GoodFellas (1990),175
183,Alien (1979),176
184,Army of Darkness (1993),177
185,Psycho (1960),178
186,"Blues Brothers, The (1980)",179
187,"Godfather: Part II, The (1974)",180
188,Full Metal Jacket (1987),181
189,"Grand Day Out, A (1992)",182
190,Henry V (1989),183
191,Amadeus (1984),184
192,Raging Bull (1980),185
193,"Right Stuff, The (1983)",186
194,"Sting, The (1973)",187
195,"Terminator, The (1984)",188
196,Dead Poets Society (1989),189
197,"Graduate, The (1967)",190
198,Nikita (La Femme Nikita) (1990),191
199,"Bridge on the River Kwai, The (1957)",192
200,"Shining, The (1980)",193
201,Evil Dead II (1987),194
202,Groundhog Day (1993),195
203,Unforgiven (1992),196
204,Back to the Future (1985),197
205,Patton (1970),198
206,Akira (1988),199
207,Cyrano de Bergerac (1990),200
208,Young Frankenstein (1974),201
209,This Is Spinal Tap (1984),202
210,Indiana Jones and the Last Crusade (1989),203
211,M*A*S*H (1970),204
212,"Unbearable Lightness of Being, The (1988)",205
213,"Room with a View, A (1986)",206
214,Pink Floyd - The Wall (1982),207
215,Field of Dreams (1989),208
216,When Harry Met Sally... (1989),209
217,Bram Stoker's Dracula (1992),210
218,Cape Fear (1991),211
219,"Nightmare on Elm Street, A (1984)",212
220,"Mirror Has Two Faces, The (1996)",213
221,Breaking the Waves (1996),214
222,Star Trek: First Contact (1996),215
223,Sling Blade (1996),216
224,Ridicule (1996),217
225,101 Dalmatians (1996),218
226,Die Hard 2 (1990),219
227,Star Trek VI: The Undiscovered Country (1991),220
228,Star Trek: The Wrath of Khan (1982),221
229,Star Trek III: The Search for Spock (1984),222
230,Star Trek IV: The Voyage Home (1986),223
231,Batman Returns (1992),224
232,Young Guns (1988),225
233,Under Siege (1992),226
234,Jaws (1975),227
235,Mars Attacks! (1996),228
236,Citizen Ruth (1996),229
237,Jerry Maguire (1996),230
238,Raising Arizona (1987),231
239,Sneakers (1992),232
240,Beavis and Butt-head Do America (1996),233
241,"Last of the Mohicans, The (1992)",234
242,Kolya (1996),235
243,Jungle2Jungle (1997),236
244,Smilla's Sense of Snow (1997),237
245,"Devil's Own, The (1997)",238
246,Chasing Amy (1997),239
247,Turbo: A Power Rangers Movie (1997),240
248,Grosse Pointe Blank (1997),241
249,Austin Powers: International Man of Mystery (1997),242
250,"Fifth Element, The (1997)",243
251,Shall We Dance? (1996),244
252,"Lost World: Jurassic Park, The (1997)",245
253,"Pillow Book, The (1995)",246
254,Batman & Robin (1997),247
255,My Best Friend's Wedding (1997),248
256,When the Cats Away (Chacun cherche son chat) (1996),249
257,Men in Black (1997),250
258,Contact (1997),251
259,George of the Jungle (1997),252
260,Event Horizon (1997),253
261,Air Bud (1997),254
262,In the Company of Men (1997),255
263,Steel (1997),256
264,Mimic (1997),257
265,"Hunt for Red October, The (1990)",258
266,Kull the Conqueror (1997),259
267,unknown,260
268,Chasing Amy (1997),261
269,"Full Monty, The (1997)",262
270,Gattaca (1997),263
271,Starship Troopers (1997),264
272,Good Will Hunting (1997),265
273,Heat (1995),266
274,Sabrina (1995),267
275,Sense and Sensibility (1995),268
276,Leaving Las Vegas (1995),269
277,Restoration (1995),270
278,Bed of Roses (1996),271
279,Once Upon a Time... When We Were Colored (1995),272
280,Up Close and Personal (1996),273
281,"River Wild, The (1994)",274
282,"Time to Kill, A (1996)",275
283,Emma (1996),276
284,Tin Cup (1996),277
285,Secrets & Lies (1996),278
286,"English Patient, The (1996)",279
287,Marvin's Room (1996),280
288,Scream (1996),281
289,Evita (1996),282
290,Fierce Creatures (1997),283
291,Absolute Power (1997),284
292,Rosewood (1997),285
293,Donnie Brasco (1997),286
294,Liar Liar (1997),287
295,Breakdown (1997),288
296,"Promesse, La (1996)",289
297,Ulee's Gold (1997),290
298,Face/Off (1997),291
299,Hoodlum (1997),292
300,Air Force One (1997),293
301,In & Out (1997),294
302,L.A. Confidential (1997),295
303,Ulee's Gold (1997),296
304,Fly Away Home (1996),297
305,"Ice Storm, The (1997)",298
306,"Mrs. Brown (Her Majesty, Mrs. Brown) (1997)",299
307,"Devil's Advocate, The (1997)",300
308,FairyTale: A True Story (1997),301
309,Deceiver (1997),302
310,"Rainmaker, The (1997)",303
311,"Wings of the Dove, The (1997)",304
312,Midnight in the Garden of Good and Evil (1997),305
313,Titanic (1997),306
314,3 Ninjas: High Noon At Mega Mountain (1998),307
315,Apt Pupil (1998),308
316,As Good As It Gets (1997),309
317,In the Name of the Father (1993),310
318,Schindler's List (1993),311
319,Everyone Says I Love You (1996),312
320,Paradise Lost: The Child Murders at Robin Hood Hills (1996),313
321,Mother (1996),314
322,Murder at 1600 (1997),315
323,Dante's Peak (1997),316
324,Lost Highway (1997),317
325,Crash (1996),318
326,G.I. Jane (1997),319
327,Cop Land (1997),320
328,Conspiracy Theory (1997),321
329,Desperate Measures (1998),322
330,187 (1997),323
331,"Edge, The (1997)",324
332,Kiss the Girls (1997),325
333,"Game, The (1997)",326
334,U Turn (1997),327
335,How to Be a Player (1997),328
336,Playing God (1997),329
337,"House of Yes, The (1997)",330
338,Bean (1997),331
339,Mad City (1997),332
340,Boogie Nights (1997),333
341,Critical Care (1997),334
342,"Man Who Knew Too Little, The (1997)",335
343,Alien: Resurrection (1997),336
344,"Apostle, The (1997)",337
345,Deconstructing Harry (1997),338
346,Jackie Brown (1997),339
347,Wag the Dog (1997),340
348,Desperate Measures (1998),341
349,Hard Rain (1998),342
350,Fallen (1998),343
351,"Prophecy II, The (1998)",344
352,Spice World (1997),345
353,Deep Rising (1998),346
354,"Wedding Singer, The (1998)",347
355,Sphere (1998),348
356,"Client, The (1994)",349
357,One Flew Over the Cuckoo's Nest (1975),350
358,Spawn (1997),351
359,"Assignment, The (1997)",352
360,Wonderland (1997),353
361,Incognito (1997),354
362,Blues Brothers 2000 (1998),355
363,Sudden Death (1995),356
364,Ace Ventura: When Nature Calls (1995),357
365,Powder (1995),358
366,Dangerous Minds (1995),359
367,Clueless (1995),360
368,Bio-Dome (1996),361
369,Black Sheep (1996),362
370,Mary Reilly (1996),363
371,"Bridges of Madison County, The (1995)",364
372,Jeffrey (1995),365
373,Judge Dredd (1995),366
374,Mighty Morphin Power Rangers: The Movie (1995),367
375,Showgirls (1995),368
376,Houseguest (1994),369
377,Heavyweights (1994),370
378,Miracle on 34th Street (1994),371
379,Tales From the Crypt Presents: Demon Knight (1995),372
380,Star Trek: Generations (1994),373
381,Muriel's Wedding (1994),374
382,"Adventures of Priscilla, Queen of the Desert, The (1994)",375
383,"Flintstones, The (1994)",376
384,Naked Gun 33 1/3: The Final Insult (1994),377
385,True Lies (1994),378
386,Addams Family Values (1993),379
387,"Age of Innocence, The (1993)",380
388,Beverly Hills Cop III (1994),381
389,Black Beauty (1994),382
390,Fear of a Black Hat (1993),383
391,Last Action Hero (1993),384
392,"Man Without a Face, The (1993)",385
393,Mrs. Doubtfire (1993),386
394,Radioland Murders (1994),387
395,Robin Hood: Men in Tights (1993),388
396,Serial Mom (1994),389
397,Striking Distance (1993),390
398,Super Mario Bros. (1993),391
399,"Three Musketeers, The (1993)",392
400,"Little Rascals, The (1994)",393
401,"Brady Bunch Movie, The (1995)",394
402,Ghost (1990),395
403,Batman (1989),396
404,Pinocchio (1940),397
405,Mission: Impossible (1996),398
406,Thinner (1996),399
407,Spy Hard (1996),400
408,"Close Shave, A (1995)",401
409,Jack (1996),402
410,Kingpin (1996),403
411,"Nutty Professor, The (1996)",404
412,"Very Brady Sequel, A (1996)",405
413,Tales from the Crypt Presents: Bordello of Blood (1996),406
414,My Favorite Year (1982),407
415,"Apple Dumpling Gang, The (1975)",408
416,Old Yeller (1957),409
417,"Parent Trap, The (1961)",410
418,Cinderella (1950),411
419,Mary Poppins (1964),412
420,Alice in Wonderland (1951),413
421,William Shakespeare's Romeo and Juliet (1996),414
422,Aladdin and the King of Thieves (1996),415
423,E.T. the Extra-Terrestrial (1982),416
424,Children of the Corn: The Gathering (1996),417
425,Bob Roberts (1992),418
426,"Transformers: The Movie, The (1986)",419
427,To Kill a Mockingbird (1962),420
428,Harold and Maude (1971),421
429,"Day the Earth Stood Still, The (1951)",422
430,Duck Soup (1933),423
431,Highlander (1986),424
432,Fantasia (1940),425
433,Heathers (1989),426
434,Forbidden Planet (1956),427
435,Butch Cassidy and the Sundance Kid (1969),428
436,"American Werewolf in London, An (1981)",429
437,Amityville 1992: It's About Time (1992),430
438,Amityville 3-D (1983),431
439,Amityville: A New Generation (1993),432
440,Amityville II: The Possession (1982),433
441,"Amityville Horror, The (1979)",434
442,"Amityville Curse, The (1990)",435
443,"Birds, The (1963)",436
444,"Blob, The (1958)",437
445,"Body Snatcher, The (1945)",438
446,Burnt Offerings (1976),439
447,Carrie (1976),440
448,"Omen, The (1976)",441
449,Star Trek: The Motion Picture (1979),442
450,Star Trek V: The Final Frontier (1989),443
451,Grease (1978),444
452,Jaws 2 (1978),445
453,Jaws 3-D (1983),446
454,Bastard Out of Carolina (1996),447
455,Jackie Chan's First Strike (1996),448
456,Beverly Hills Ninja (1997),449
457,Free Willy 3: The Rescue (1997),450
458,Nixon (1995),451
459,"Cry, the Beloved Country (1995)",452
460,"Crossing Guard, The (1995)",453
461,Smoke (1995),454
462,Like Water For Chocolate (Como agua para chocolate) (1992),455
463,"Secret of Roan Inish, The (1994)",456
464,Vanya on 42nd Street (1994),457
465,"Jungle Book, The (1994)",458
466,Red Rock West (1992),459
467,"Bronx Tale, A (1993)",460
468,Rudy (1993),461
469,Short Cuts (1993),462
470,Tombstone (1993),463
471,Courage Under Fire (1996),464
472,Dragonheart (1996),465
473,James and the Giant Peach (1996),466
474,Dr. Strangelove or: How I Learned to Stop Worrying and Love the Bomb (1963),467
475,Trainspotting (1996),468
476,"First Wives Club, The (1996)",469
477,Matilda (1996),470
478,"Philadelphia Story, The (1940)",471
479,Vertigo (1958),472
480,North by Northwest (1959),473
481,"Apartment, The (1960)",474
482,Some Like It Hot (1959),475
483,Casablanca (1942),476
484,"Maltese Falcon, The (1941)",477
485,My Fair Lady (1964),478
486,Sabrina (1954),479
487,Roman Holiday (1953),480
488,Sunset Blvd. (1950),481
489,Notorious (1946),482
490,To Catch a Thief (1955),483
491,"Adventures of Robin Hood, The (1938)",484
492,East of Eden (1955),485
493,"Thin Man, The (1934)",486
494,His Girl Friday (1940),487
495,Around the World in 80 Days (1956),488
496,It's a Wonderful Life (1946),489
497,Bringing Up Baby (1938),490
498,"African Queen, The (1951)",491
499,Cat on a Hot Tin Roof (1958),492
500,Fly Away Home (1996),493
501,Dumbo (1941),494
502,Bananas (1971),495
503,"Candidate, The (1972)",496
504,Bonnie and Clyde (1967),497
505,Dial M for Murder (1954),498
506,Rebel Without a Cause (1955),499
507,"Streetcar Named Desire, A (1951)",500
508,"People vs. Larry Flynt, The (1996)",501
509,My Left Foot (1989),502
510,"Magnificent Seven, The (1954)",503
511,Lawrence of Arabia (1962),504
512,Wings of Desire (1987),505
513,"Third Man, The (1949)",506
514,Annie Hall (1977),507
515,"Boot, Das (1981)",508
516,Local Hero (1983),509
517,Manhattan (1979),510
518,Miller's Crossing (1990),511
519,"Treasure of the Sierra Madre, The (1948)",512
520,"Great Escape, The (1963)",513
521,"Deer Hunter, The (1978)",514
522,Down by Law (1986),515
523,Cool Hand Luke (1967),516
524,"Great Dictator, The (1940)",517
525,"Big Sleep, The (1946)",518
526,Ben-Hur (1959),519
527,Gandhi (1982),520
528,"Killing Fields, The (1984)",521
529,My Life as a Dog (Mitt liv som hund) (1985),522
530,"Man Who Would Be King, The (1975)",523
531,Shine (1996),524
532,Kama Sutra: A Tale of Love (1996),525
533,"Daytrippers, The (1996)",526
534,Traveller (1997),527
535,Addicted to Love (1997),528
536,Ponette (1996),529
537,My Own Private Idaho (1991),530
538,Anastasia (1997),531
539,Mouse Hunt (1997),532
540,Money Train (1995),533
541,Mortal Kombat (1995),534
542,Pocahontas (1995),535
543,"Misérables, Les (1995)",536
544,Things to Do in Denver when You're Dead (1995),537
545,Vampire in Brooklyn (1995),538
546,Broken Arrow (1996),539
547,"Young Poisoner's Handbook, The (1995)",540
548,"NeverEnding Story III, The (1994)",541
549,Rob Roy (1995),542
550,Die Hard: With a Vengeance (1995),543
551,Lord of Illusions (1995),544
552,Species (1995),545
553,"Walk in the Clouds, A (1995)",546
554,Waterworld (1995),547
555,White Man's Burden (1995),548
556,Wild Bill (1995),549
557,Farinelli: il castrato (1994),550
558,Heavenly Creatures (1994),551
559,Interview with the Vampire (1994),552
560,"Kid in King Arthur's Court, A (1995)",553
561,Mary Shelley's Frankenstein (1994),554
562,"Quick and the Dead, The (1995)",555
563,Stephen King's The Langoliers (1995),556
564,Tales from the Hood (1995),557
565,Village of the Damned (1995),558
566,Clear and Present Danger (1994),559
567,Wes Craven's New Nightmare (1994),560
568,Speed (1994),561
569,Wolf (1994),562
570,Wyatt Earp (1994),563
571,Another Stakeout (1993),564
572,Blown Away (1994),565
573,Body Snatchers (1993),566
574,Boxing Helena (1993),567
575,City Slickers II: The Legend of Curly's Gold (1994),568
576,Cliffhanger (1993),569
577,Coneheads (1993),570
578,Demolition Man (1993),571
579,Fatal Instinct (1993),572
580,"Englishman Who Went Up a Hill, But Came Down a Mountain, The (1995)",573
581,Kalifornia (1993),574
582,"Piano, The (1993)",575
583,Romeo Is Bleeding (1993),576
584,"Secret Garden, The (1993)",577
585,Son in Law (1993),578
586,Terminal Velocity (1994),579
587,"Hour of the Pig, The (1993)",580
588,Beauty and the Beast (1991),581
589,"Wild Bunch, The (1969)",582
590,Hellraiser: Bloodline (1996),583
591,Primal Fear (1996),584
592,True Crime (1995),585
593,Stalingrad (1993),586
594,Heavy (1995),587
595,"Fan, The (1996)",588
596,"Hunchback of Notre Dame, The (1996)",589
597,Eraser (1996),590
598,"Big Squeeze, The (1996)",591
599,Police Story 4: Project S (Chao ji ji hua) (1993),592
600,Daniel Defoe's Robinson Crusoe (1996),593
601,For Whom the Bell Tolls (1943),594
602,"American in Paris, An (1951)",595
603,Rear Window (1954),596
604,It Happened One Night (1934),597
605,Meet Me in St. Louis (1944),598
606,All About Eve (1950),599
607,Rebecca (1940),600
608,Spellbound (1945),601
609,Father of the Bride (1950),602
610,Gigi (1958),603
611,Laura (1944),604
612,Lost Horizon (1937),605
613,My Man Godfrey (1936),606
614,Giant (1956),607
615,"39 Steps, The (1935)",608
616,Night of the Living Dead (1968),609
617,"Blue Angel, The (Blaue Engel, Der) (1930)",610
618,Picnic (1955),611
619,Extreme Measures (1996),612
620,"Chamber, The (1996)",613
621,"Davy Crockett, King of the Wild Frontier (1955)",614
622,Swiss Family Robinson (1960),615
623,Angels in the Outfield (1994),616
624,"Three Caballeros, The (1945)",617
625,"Sword in the Stone, The (1963)",618
626,So Dear to My Heart (1949),619
627,Robin Hood: Prince of Thieves (1991),620
628,Sleepers (1996),621
629,Victor/Victoria (1982),622
630,"Great Race, The (1965)",623
631,"Crying Game, The (1992)",624
632,Sophie's Choice (1982),625
633,"Christmas Carol, A (1938)",626
634,Microcosmos: Le peuple de l'herbe (1996),627
635,"Fog, The (1980)",628
636,Escape from New York (1981),629
637,"Howling, The (1981)",630
638,"Return of Martin Guerre, The (Retour de Martin Guerre, Le) (1982)",631
639,"Tin Drum, The (Blechtrommel, Die) (1979)",632
640,"Cook the Thief His Wife & Her Lover, The (1989)",633
641,Paths of Glory (1957),634
642,"Grifters, The (1990)",635
643,The Innocent (1994),636
644,"Thin Blue Line, The (1988)",637
645,Paris Is Burning (1990),638
646,Once Upon a Time in the West (1969),639
647,Ran (1985),640
648,"Quiet Man, The (1952)",641
649,Once Upon a Time in America (1984),642
650,"Seventh Seal, The (Sjunde inseglet, Det) (1957)",643
651,Glory (1989),644
652,Rosencrantz and Guildenstern Are Dead (1990),645
653,Touch of Evil (1958),646
654,Chinatown (1974),647
655,Stand by Me (1986),648
656,M (1931),649
657,"Manchurian Candidate, The (1962)",650
658,Pump Up the Volume (1990),651
659,Arsenic and Old Lace (1944),652
660,Fried Green Tomatoes (1991),653
661,High Noon (1952),654
662,Somewhere in Time (1980),655
663,Being There (1979),656
664,"Paris, Texas (1984)",657
665,Alien 3 (1992),658
666,Blood For Dracula (Andy Warhol's Dracula) (1974),659
667,Audrey Rose (1977),660
668,Blood Beach (1981),661
669,Body Parts (1991),662
670,Body Snatchers (1993),663
671,Bride of Frankenstein (1935),664
672,Candyman (1992),665
673,Cape Fear (1962),666
674,Cat People (1982),667
675,"Nosferatu (Nosferatu, eine Symphonie des Grauens) (1922)",668
676,"Crucible, The (1996)",669
677,Fire on the Mountain (1996),670
678,Volcano (1997),671
679,Conan the Barbarian (1981),672
680,Kull the Conqueror (1997),673
681,Wishmaster (1997),674
682,I Know What You Did Last Summer (1997),675
683,Rocket Man (1997),676
684,In the Line of Fire (1993),677
685,Executive Decision (1996),678
686,"Perfect World, A (1993)",679
687,McHale's Navy (1997),680
688,Leave It to Beaver (1997),681
689,"Jackal, The (1997)",682
690,Seven Years in Tibet (1997),683
691,Dark City (1998),684
692,"American President, The (1995)",685
693,Casino (1995),686
694,Persuasion (1995),687
695,Kicking and Screaming (1995),688
696,City Hall (1996),689
697,"Basketball Diaries, The (1995)",690
698,"Browning Version, The (1994)",691
699,Little Women (1994),692
700,Miami Rhapsody (1995),693
701,"Wonderful, Horrible Life of Leni Riefenstahl, The (1993)",694
702,Barcelona (1994),695
703,Widows' Peak (1994),696
704,"House of the Spirits, The (1993)",697
705,Singin' in the Rain (1952),698
706,Bad Moon (1996),699
707,Enchanted April (1991),700
708,"Sex, Lies, and Videotape (1989)",701
709,Strictly Ballroom (1992),702
710,Better Off Dead... (1985),703
711,"Substance of Fire, The (1996)",704
712,Tin Men (1987),705
713,Othello (1995),706
714,Carrington (1995),707
715,To Die For (1995),708
716,Home for the Holidays (1995),709
717,"Juror, The (1996)",710
718,In the Bleak Midwinter (1995),711
719,Canadian Bacon (1994),712
720,First Knight (1995),713
721,Mallrats (1995),714
722,Nine Months (1995),715
723,Boys on the Side (1995),716
724,Circle of Friends (1995),717
725,Exit to Eden (1994),718
726,Fluke (1995),719
727,Immortal Beloved (1994),720
728,Junior (1994),721
729,Nell (1994),722
730,"Queen Margot (Reine Margot, La) (1994)",723
731,"Corrina, Corrina (1994)",724
732,Dave (1993),725
733,Go Fish (1994),726
734,Made in America (1993),727
735,Philadelphia (1993),728
736,Shadowlands (1993),729
737,Sirens (1994),730
738,Threesome (1994),731
739,Pretty Woman (1990),732
740,Jane Eyre (1996),733
741,"Last Supper, The (1995)",734
742,Ransom (1996),735
743,"Crow: City of Angels, The (1996)",736
744,Michael Collins (1996),737
745,"Ruling Class, The (1972)",738
746,Real Genius (1985),739
747,Benny & Joon (1993),740
748,"Saint, The (1997)",741
749,"MatchMaker, The (1997)",742
750,Amistad (1997),743
751,Tomorrow Never Dies (1997),744
752,"Replacement Killers, The (1998)",745
753,Burnt By the Sun (1994),746
754,Red Corner (1997),747
755,Jumanji (1995),748
756,Father of the Bride Part II (1995),749
757,Across the Sea of Time (1995),750
758,Lawnmower Man 2: Beyond Cyberspace (1996),751
759,Fair Game (1995),752
760,Screamers (1995),753
761,Nick of Time (1995),754
762,Beautiful Girls (1996),755
763,Happy Gilmore (1996),756
764,If Lucy Fell (1996),757
765,Boomerang (1992),758
766,Man of the Year (1995),759
767,"Addiction, The (1995)",760
768,Casper (1995),761
769,Congo (1995),762
770,Devil in a Blue Dress (1995),763
771,Johnny Mnemonic (1995),764
772,Kids (1995),765
773,Mute Witness (1994),766
774,"Prophecy, The (1995)",767
775,Something to Talk About (1995),768
776,Three Wishes (1995),769
777,Castle Freak (1995),770
778,Don Juan DeMarco (1995),771
779,Drop Zone (1994),772
780,Dumb & Dumber (1994),773
781,French Kiss (1995),774
782,Little Odessa (1994),775
783,Milk Money (1994),776
784,Beyond Bedlam (1993),777
785,Only You (1994),778
786,"Perez Family, The (1995)",779
787,Roommates (1995),780
788,Relative Fear (1994),781
789,Swimming with Sharks (1995),782
790,Tommy Boy (1995),783
791,"Baby-Sitters Club, The (1995)",784
792,Bullets Over Broadway (1994),785
793,Crooklyn (1994),786
794,It Could Happen to You (1994),787
795,Richie Rich (1994),788
796,Speechless (1994),789
797,Timecop (1994),790
798,Bad Company (1995),791
799,Boys Life (1995),792
800,In the Mouth of Madness (1995),793
801,"Air Up There, The (1994)",794
802,Hard Target (1993),795
803,Heaven & Earth (1993),796
804,Jimmy Hollywood (1994),797
805,Manhattan Murder Mystery (1993),798
806,Menace II Society (1993),799
807,Poetic Justice (1993),800
808,"Program, The (1993)",801
809,Rising Sun (1993),802
810,"Shadow, The (1994)",803
811,Thirty-Two Short Films About Glenn Gould (1993),804
812,Andre (1994),805
813,"Celluloid Closet, The (1995)",806
814,"Great Day in Harlem, A (1994)",807
815,One Fine Day (1996),808
816,Candyman: Farewell to the Flesh (1995),809
817,Frisk (1995),810
818,Girl 6 (1996),811
819,Eddie (1996),812
820,Space Jam (1996),813
821,Mrs. Winterbourne (1996),814
822,Faces (1968),815
823,Mulholland Falls (1996),816
824,"Great White Hype, The (1996)",817
825,"Arrival, The (1996)",818
826,"Phantom, The (1996)",819
827,Daylight (1996),820
828,Alaska (1996),821
829,Fled (1996),822
830,Power 98 (1995),823
831,Escape from L.A. (1996),824
832,Bogus (1996),825
833,Bulletproof (1996),826
834,Halloween: The Curse of Michael Myers (1995),827
835,"Gay Divorcee, The (1934)",828
836,Ninotchka (1939),829
837,Meet John Doe (1941),830
838,In the Line of Duty 2 (1987),831
839,Loch Ness (1995),832
840,Last Man Standing (1996),833
841,"Glimmer Man, The (1996)",834
842,Pollyanna (1960),835
843,"Shaggy Dog, The (1959)",836
844,Freeway (1996),837
845,That Thing You Do! (1996),838
846,To Gillian on Her 37th Birthday (1996),839
847,Looking for Richard (1996),840
848,"Murder, My Sweet (1944)",841
849,Days of Thunder (1990),842
850,"Perfect Candidate, A (1996)",843
851,Two or Three Things I Know About Her (1966),844
852,"Bloody Child, The (1996)",845
853,Braindead (1992),846
854,Bad Taste (1987),847
855,Diva (1981),848
856,Night on Earth (1991),849
857,Paris Was a Woman (1995),850
858,Amityville: Dollhouse (1996),851
859,April Fool's Day (1986),852
860,"Believers, The (1987)",853
861,Nosferatu a Venezia (1986),854
862,Jingle All the Way (1996),855
863,"Garden of Finzi-Contini, The (Giardino dei Finzi-Contini, Il) (1970)",856
864,My Fellow Americans (1996),857
865,"Ice Storm, The (1997)",858
866,Michael (1996),859
867,"Whole Wide World, The (1996)",860
868,Hearts and Minds (1996),861
869,Fools Rush In (1997),862
870,Touch (1997),863
871,Vegas Vacation (1997),864
872,Love Jones (1997),865
873,Picture Perfect (1997),866
874,Career Girls (1997),867
875,She's So Lovely (1997),868
876,Money Talks (1997),869
877,Excess Baggage (1997),870
878,That Darn Cat! (1997),871
879,"Peacemaker, The (1997)",872
880,Soul Food (1997),873
881,Money Talks (1997),874
882,Washington Square (1997),875
883,Telling Lies in America (1997),876
884,Year of the Horse (1997),877
885,Phantoms (1998),878
886,"Life Less Ordinary, A (1997)",879
887,Eve's Bayou (1997),880
888,One Night Stand (1997),881
889,"Tango Lesson, The (1997)",882
890,Mortal Kombat: Annihilation (1997),883
891,Bent (1997),884
892,Flubber (1997),885
893,For Richer or Poorer (1997),886
894,Home Alone 3 (1997),887
895,Scream 2 (1997),888
896,"Sweet Hereafter, The (1997)",889
897,Time Tracers (1995),890
898,"Postman, The (1997)",891
899,"Winter Guest, The (1997)",892
900,Kundun (1997),893
901,Mr. Magoo (1997),894
902,"Big Lebowski, The (1998)",895
903,Afterglow (1997),896
904,Ma vie en rose (My Life in Pink) (1997),897
905,Great Expectations (1998),898
906,Oscar & Lucinda (1997),899
907,Vermin (1998),900
908,Half Baked (1998),901
909,Dangerous Beauty (1998),902
910,Nil By Mouth (1997),903
911,Twilight (1998),904
912,U.S. Marshalls (1998),905
913,Love and Death on Long Island (1997),906
914,Wild Things (1998),907
915,Primary Colors (1998),908
916,Lost in Space (1998),909
917,Mercury Rising (1998),910
918,City of Angels (1998),911
919,"City of Lost Children, The (1995)",912
920,Two Bits (1995),913
921,Farewell My Concubine (1993),914
922,Dead Man (1995),915
923,Raise the Red Lantern (1991),916
924,White Squall (1996),917
925,Unforgettable (1996),918
926,Down Periscope (1996),919
927,"Flower of My Secret, The (Flor de mi secreto, La) (1995)",920
928,"Craft, The (1996)",921
929,Harriet the Spy (1996),922
930,Chain Reaction (1996),923
931,"Island of Dr. Moreau, The (1996)",924
932,First Kid (1996),925
933,"Funeral, The (1996)",926
934,"Preacher's Wife, The (1996)",927
935,Paradise Road (1997),928
936,Brassed Off (1996),929
937,"Thousand Acres, A (1997)",930
938,"Smile Like Yours, A (1997)",931
939,Murder in the First (1995),932
940,Airheads (1994),933
941,With Honors (1994),934
942,What's Love Got to Do with It (1993),935
943,Killing Zoe (1994),936
944,Renaissance Man (1994),937
945,Charade (1963),938
946,"Fox and the Hound, The (1981)",939
947,"Big Blue, The (Grand bleu, Le) (1988)",940
948,Booty Call (1997),941
949,How to Make an American Quilt (1995),942
950,Georgia (1995),943
951,"Indian in the Cupboard, The (1995)",944
952,Blue in the Face (1995),945
953,Unstrung Heroes (1995),946
954,Unzipped (1995),947
955,Before Sunrise (1995),948
956,Nobody's Fool (1994),949
957,Pushing Hands (1992),950
958,To Live (Huozhe) (1994),951
959,Dazed and Confused (1993),952
960,Naked (1993),953
961,Orlando (1993),954
962,Ruby in Paradise (1993),955
963,Some Folks Call It a Sling Blade (1993),956
964,"Month by the Lake, A (1995)",957
965,Funny Face (1957),958
966,"Affair to Remember, An (1957)",959
967,Little Lord Fauntleroy (1936),960
968,"Inspector General, The (1949)",961
969,Winnie the Pooh and the Blustery Day (1968),962
970,Hear My Song (1991),963
971,Mediterraneo (1991),964
972,Passion Fish (1992),965
973,Grateful Dead (1995),966
974,Eye for an Eye (1996),967
975,Fear (1996),968
976,Solo (1996),969
977,"Substitute, The (1996)",970
978,Heaven's Prisoners (1996),971
979,"Trigger Effect, The (1996)",972
980,Mother Night (1996),973
981,Dangerous Ground (1997),974
982,Maximum Risk (1996),975
983,"Rich Man's Wife, The (1996)",976
984,Shadow Conspiracy (1997),977
985,Blood & Wine (1997),978
986,Turbulence (1997),979
987,Underworld (1997),980
988,"Beautician and the Beast, The (1997)",981
989,Cats Don't Dance (1997),982
990,Anna Karenina (1997),983
991,Keys to Tulsa (1997),984
992,Head Above Water (1996),985
993,Hercules (1997),986
994,"Last Time I Committed Suicide, The (1997)",987
995,"Kiss Me, Guido (1997)",988
996,"Big Green, The (1995)",989
997,Stuart Saves His Family (1995),990
998,Cabin Boy (1994),991
999,Clean Slate (1994),992
1000,Lightning Jack (1994),993
1001,"Stupids, The (1996)",994
1002,"Pest, The (1997)",995
1003,That Darn Cat! (1997),996
1004,Geronimo: An American Legend (1993),997
1005,"Double vie de Véronique, La (Double Life of Veronique, The) (1991)",998
1006,Until the End of the World (Bis ans Ende der Welt) (1991),999
1007,Waiting for Guffman (1996),1000
1008,I Shot Andy Warhol (1996),1001
1009,Stealing Beauty (1996),1002
1010,Basquiat (1996),1003
1011,2 Days in the Valley (1996),1004
1012,Private Parts (1997),1005
1013,Anaconda (1997),1006
1014,Romy and Michele's High School Reunion (1997),1007
1015,Shiloh (1997),1008
1016,Con Air (1997),1009
1017,Trees Lounge (1996),1010
1018,Tie Me Up! Tie Me Down! (1990),1011
1019,"Die xue shuang xiong (Killer, The) (1989)",1012
1020,Gaslight (1944),1013
1021,8 1/2 (1963),1014
1022,"Fast, Cheap & Out of Control (1997)",1015
1023,Fathers' Day (1997),1016
1024,Mrs. Dalloway (1997),1017
1025,Fire Down Below (1997),1018
1026,"Lay of the Land, The (1997)",1019
1027,"Shooter, The (1995)",1020
1028,Grumpier Old Men (1995),1021
1029,Jury Duty (1995),1022
1030,"Beverly Hillbillies, The (1993)",1023
1031,Lassie (1994),1024
1032,Little Big League (1994),1025
1033,Homeward Bound II: Lost in San Francisco (1996),1026
1034,"Quest, The (1996)",1027
1035,Cool Runnings (1993),1028
1036,Drop Dead Fred (1991),1029
1037,Grease 2 (1982),1030
1038,Switchback (1997),1031
1039,Hamlet (1996),1032
1040,Two if by Sea (1996),1033
1041,Forget Paris (1995),1034
1042,Just Cause (1995),1035
1043,Rent-a-Kid (1995),1036
1044,"Paper, The (1994)",1037
1045,Fearless (1993),1038
1046,Malice (1993),1039
1047,Multiplicity (1996),1040
1048,She's the One (1996),1041
1049,House Arrest (1996),1042
1050,"Ghost and Mrs. Muir, The (1947)",1043
1051,"Associate, The (1996)",1044
1052,Dracula: Dead and Loving It (1995),1045
1053,Now and Then (1995),1046
1054,Mr. Wrong (1996),1047
1055,"Simple Twist of Fate, A (1994)",1048
1056,Cronos (1992),1049
1057,"Pallbearer, The (1996)",1050
1058,"War, The (1994)",1051
1059,Don't Be a Menace to South Central While Drinking Your Juice in the Hood (1996),1052
1060,"Adventures of Pinocchio, The (1996)",1053
1061,"Evening Star, The (1996)",1054
1062,Four Days in September (1997),1055
1063,"Little Princess, A (1995)",1056
1064,Crossfire (1947),1057
1065,Koyaanisqatsi (1983),1058
1066,Balto (1995),1059
1067,Bottle Rocket (1996),1060
1068,"Star Maker, The (Uomo delle stelle, L') (1995)",1061
1069,Amateur (1994),1062
1070,Living in Oblivion (1995),1063
1071,Party Girl (1995),1064
1072,"Pyromaniac's Love Story, A (1995)",1065
1073,Shallow Grave (1994),1066
1074,Reality Bites (1994),1067
1075,"Man of No Importance, A (1994)",1068
1076,"Pagemaster, The (1994)",1069
1077,Love and a .45 (1994),1070
1078,Oliver & Company (1988),1071
1079,Joe's Apartment (1996),1072
1080,Celestial Clockwork (1994),1073
1081,Curdled (1996),1074
1082,Female Perversions (1996),1075
1083,Albino Alligator (1996),1076
1084,Anne Frank Remembered (1995),1077
1085,Carried Away (1996),1078
1086,It's My Party (1995),1079
1087,Bloodsport 2 (1995),1080
1088,Double Team (1997),1081
1089,Speed 2: Cruise Control (1997),1082
1090,Sliver (1993),1083
1091,Pete's Dragon (1977),1084
1092,Dear God (1996),1085
1093,Live Nude Girls (1995),1086
1094,"Thin Line Between Love and Hate, A (1996)",1087
1095,High School High (1996),1088
1096,Commandments (1997),1089
1097,"Hate (Haine, La) (1995)",1090
1098,Flirting With Disaster (1996),1091
1099,"Red Firecracker, Green Firecracker (1994)",1092
1100,What Happened Was... (1994),1093
1101,Six Degrees of Separation (1993),1094
1102,Two Much (1996),1095
1103,Trust (1990),1096
1104,C'est arrivé près de chez vous (1992),1097
1105,Firestorm (1998),1098
1106,"Newton Boys, The (1998)",1099
1107,Beyond Rangoon (1995),1100
1108,Feast of July (1995),1101
1109,Death and the Maiden (1994),1102
1110,Tank Girl (1995),1103
1111,Double Happiness (1994),1104
1112,Cobb (1994),1105
1113,Mrs. Parker and the Vicious Circle (1994),1106
1114,Faithful (1996),1107
1115,Twelfth Night (1996),1108
1116,"Mark of Zorro, The (1940)",1109
1117,Surviving Picasso (1996),1110
1118,Up in Smoke (1978),1111
1119,Some Kind of Wonderful (1987),1112
1120,I'm Not Rappaport (1996),1113
1121,"Umbrellas of Cherbourg, The (Parapluies de Cherbourg, Les) (1964)",1114
1122,They Made Me a Criminal (1939),1115
1123,"Last Time I Saw Paris, The (1954)",1116
1124,"Farewell to Arms, A (1932)",1117
1125,"Innocents, The (1961)",1118
1126,"Old Man and the Sea, The (1958)",1119
1127,"Truman Show, The (1998)",1120
1128,Heidi Fleiss: Hollywood Madam (1995) ,1121
1129,Chungking Express (1994),1122
1130,Jupiter's Wife (1994),1123
1131,Safe (1995),1124
1132,Feeling Minnesota (1996),1125
1133,Escape to Witch Mountain (1975),1126
1134,Get on the Bus (1996),1127
1135,"Doors, The (1991)",1128
1136,Ghosts of Mississippi (1996),1129
1137,Beautiful Thing (1996),1130
1138,Best Men (1997),1131
1139,Hackers (1995),1132
1140,"Road to Wellville, The (1994)",1133
1141,"War Room, The (1993)",1134
1142,When We Were Kings (1996),1135
1143,Hard Eight (1996),1136
1144,"Quiet Room, The (1996)",1137
1145,Blue Chips (1994),1138
1146,Calendar Girl (1993),1139
1147,My Family (1995),1140
1148,Tom & Viv (1994),1141
1149,Walkabout (1971),1142
1150,Last Dance (1996),1143
1151,Original Gangstas (1996),1144
1152,In Love and War (1996),1145
1153,Backbeat (1993),1146
1154,Alphaville (1965),1147
1155,"Rendezvous in Paris (Rendez-vous de Paris, Les) (1995)",1148
1156,Cyclo (1995),1149
1157,"Relic, The (1997)",1150
1158,"Fille seule, La (A Single Girl) (1995)",1151
1159,Stalker (1979),1152
1160,Love! Valour! Compassion! (1997),1153
1161,Palookaville (1996),1154
1162,Phat Beach (1996),1155
1163,"Portrait of a Lady, The (1996)",1156
1164,Zeus and Roxanne (1997),1157
1165,Big Bully (1996),1158
1166,Love & Human Remains (1993),1159
1167,"Sum of Us, The (1994)",1160
1168,Little Buddha (1993),1161
1169,Fresh (1994),1162
1170,Spanking the Monkey (1994),1163
1171,Wild Reeds (1994),1164
1172,"Women, The (1939)",1165
1173,Bliss (1997),1166
1174,Caught (1996),1167
1175,Hugo Pool (1997),1168
1176,Welcome To Sarajevo (1997),1169
1177,Dunston Checks In (1996),1170
1178,Major Payne (1994),1171
1179,Man of the House (1995),1172
1180,I Love Trouble (1994),1173
1181,"Low Down Dirty Shame, A (1994)",1174
1182,Cops and Robbersons (1994),1175
1183,"Cowboy Way, The (1994)",1176
1184,"Endless Summer 2, The (1994)",1177
1185,In the Army Now (1994),1178
1186,"Inkwell, The (1994)",1179
1187,Switchblade Sisters (1975),1180
1188,Young Guns II (1990),1181
1189,Prefontaine (1997),1182
1190,That Old Feeling (1997),1183
1191,"Letter From Death Row, A (1998)",1184
1192,"Boys of St. Vincent, The (1993)",1185
1193,Before the Rain (Pred dozhdot) (1994),1186
1194,Once Were Warriors (1994),1187
1195,Strawberry and Chocolate (Fresa y chocolate) (1993),1188
1196,"Savage Nights (Nuits fauves, Les) (1992)",1189
1197,"Family Thing, A (1996)",1190
1198,Purple Noon (1960),1191
1199,Cemetery Man (Dellamorte Dellamore) (1994),1192
1200,Kim (1950),1193
1201,Marlene Dietrich: Shadow and Light (1996) ,1194
1202,"Maybe, Maybe Not (Bewegte Mann, Der) (1994)",1195
1203,Top Hat (1935),1196
1204,To Be or Not to Be (1942),1197
1205,"Secret Agent, The (1996)",1198
1206,Amos & Andrew (1993),1199
1207,Jade (1995),1200
1208,Kiss of Death (1995),1201
1209,Mixed Nuts (1994),1202
1210,Virtuosity (1995),1203
1211,Blue Sky (1994),1204
1212,Flesh and Bone (1993),1205
1213,Guilty as Sin (1993),1206
1214,In the Realm of the Senses (Ai no corrida) (1976),1207
1215,Barb Wire (1996),1208
1216,Kissed (1996),1209
1217,Assassins (1995),1210
1218,Friday (1995),1211
1219,"Goofy Movie, A (1995)",1212
1220,Higher Learning (1995),1213
1221,When a Man Loves a Woman (1994),1214
1222,Judgment Night (1993),1215
1223,King of the Hill (1993),1216
1224,"Scout, The (1994)",1217
1225,Angus (1995),1218
1226,Night Falls on Manhattan (1997),1219
1227,"Awfully Big Adventure, An (1995)",1220
1228,Under Siege 2: Dark Territory (1995),1221
1229,Poison Ivy II (1995),1222
1230,Ready to Wear (Pret-A-Porter) (1994),1223
1231,Marked for Death (1990),1224
1232,Madonna: Truth or Dare (1991),1225
1233,Nénette et Boni (1996),1226
1234,Chairman of the Board (1998),1227
1235,"Big Bang Theory, The (1994)",1228
1236,"Other Voices, Other Rooms (1997)",1229
1237,Twisted (1996),1230
1238,Full Speed (1996),1231
1239,Cutthroat Island (1995),1232
1240,Ghost in the Shell (Kokaku kidotai) (1995),1233
1241,"Van, The (1996)",1234
1242,"Old Lady Who Walked in the Sea, The (Vieille qui marchait dans la mer, La) (1991)",1235
1243,Night Flier (1997),1236
1244,Metro (1997),1237
1245,Gridlock'd (1997),1238
1246,Bushwhacked (1995),1239
1247,Bad Girls (1994),1240
1248,Blink (1994),1241
1249,For Love or Money (1993),1242
1250,Best of the Best 3: No Turning Back (1995),1243
1251,A Chef in Love (1996),1244
1252,"Contempt (Mépris, Le) (1963)",1245
1253,"Tie That Binds, The (1995)",1246
1254,Gone Fishin' (1997),1247
1255,Broken English (1996),1248
1256,"Designated Mourner, The (1997)",1249
1257,"Designated Mourner, The (1997)",1250
1258,Trial and Error (1997),1251
1259,Pie in the Sky (1995),1252
1260,Total Eclipse (1995),1253
1261,"Run of the Country, The (1995)",1254
1262,Walking and Talking (1996),1255
1263,Foxfire (1996),1256
1264,Nothing to Lose (1994),1257
1265,Star Maps (1997),1258
1266,Bread and Chocolate (Pane e cioccolata) (1973),1259
1267,Clockers (1995),1260
1268,Bitter Moon (1992),1261
1269,Love in the Afternoon (1957),1262
1270,Life with Mikey (1993),1263
1271,North (1994),1264
1272,Talking About Sex (1994),1265
1273,Color of Night (1994),1266
1274,Robocop 3 (1993),1267
1275,Killer (Bulletproof Heart) (1994),1268
1276,Sunset Park (1996),1269
1277,Set It Off (1996),1270
1278,Selena (1997),1271
1279,Wild America (1997),1272
1280,Gang Related (1997),1273
1281,Manny & Lo (1996),1274
1282,"Grass Harp, The (1995)",1275
1283,Out to Sea (1997),1276
1284,Before and After (1996),1277
1285,Princess Caraboo (1994),1278
1286,Shall We Dance? (1937),1279
1287,Ed (1996),1280
1288,Denise Calls Up (1995),1281
1289,Jack and Sarah (1995),1282
1290,Country Life (1994),1283
1291,Celtic Pride (1996),1284
1292,"Simple Wish, A (1997)",1285
1293,Star Kid (1997),1286
1294,Ayn Rand: A Sense of Life (1997),1287
1295,Kicked in the Head (1997),1288
1296,Indian Summer (1996),1289
1297,Love Affair (1994),1290
1298,"Band Wagon, The (1953)",1291
1299,Penny Serenade (1941),1292
1300,'Til There Was You (1997),1293
1301,Stripes (1981),1294
1302,Late Bloomers (1996),1295
1303,"Getaway, The (1994)",1296
1304,New York Cop (1996),1297
1305,National Lampoon's Senior Trip (1995),1298
1306,Delta of Venus (1994),1299
1307,Carmen Miranda: Bananas Is My Business (1994),1300
1308,Babyfever (1994),1301
1309,"Very Natural Thing, A (1974)",1302
1310,"Walk in the Sun, A (1945)",1303
1311,Waiting to Exhale (1995),1304
1312,"Pompatus of Love, The (1996)",1305
1313,Palmetto (1998),1306
1314,Surviving the Game (1994),1307
1315,Inventing the Abbotts (1997),1308
1316,"Horse Whisperer, The (1998)",1309
1317,"Journey of August King, The (1995)",1310
1318,Catwalk (1995),1311
1319,"Neon Bible, The (1995)",1312
1320,Homage (1995),1313
1321,Open Season (1996),1314
1322,Metisse (Café au Lait) (1993),1315
1323,"Wooden Man's Bride, The (Wu Kui) (1994)",1316
1324,Loaded (1994),1317
1325,August (1996),1318
1326,Boys (1996),1319
1327,Captives (1994),1320
1328,Of Love and Shadows (1994),1321
1329,"Low Life, The (1994)",1322
1330,An Unforgettable Summer (1994),1323
1331,"Last Klezmer: Leopold Kozlowski, His Life and Music, The (1995)",1324
1332,My Life and Times With Antonin Artaud (En compagnie d'Antonin Artaud) (1993),1325
1333,Midnight Dancers (Sibak) (1994),1326
1334,Somebody to Love (1994),1327
1335,American Buffalo (1996),1328
1336,Kazaam (1996),1329
1337,Larger Than Life (1996),1330
1338,Two Deaths (1995),1331
1339,Stefano Quantestorie (1993),1332
1340,"Crude Oasis, The (1995)",1333
1341,Hedd Wyn (1992),1334
1342,"Convent, The (Convento, O) (1995)",1335
1343,Lotto Land (1995),1336
1344,"Story of Xinghua, The (1993)",1337
1345,"Day the Sun Turned Cold, The (Tianguo niezi) (1994)",1338
1346,Dingo (1992),1339
1347,"Ballad of Narayama, The (Narayama Bushiko) (1958)",1340
1348,Every Other Weekend (1990),1341
1349,Mille bolle blu (1993),1342
1350,Crows and Sparrows (1949),1343
1351,Lover's Knot (1996),1344
1352,Shadow of Angels (Schatten der Engel) (1976),1345
1353,1-900 (1994),1346
1354,Venice/Venice (1992),1347
1355,Infinity (1996),1348
1356,Ed's Next Move (1996),1349
1357,For the Moment (1994),1350
1358,The Deadly Cure (1996),1351
1359,Boys in Venice (1996),1352
1360,"Sexual Life of the Belgians, The (1994)",1353
1361,"Search for One-eye Jimmy, The (1996)",1354
1362,American Strays (1996),1355
1363,"Leopard Son, The (1996)",1356
1364,Bird of Prey (1996),1357
1365,Johnny 100 Pesos (1993),1358
1366,JLG/JLG - autoportrait de décembre (1994),1359
1367,Faust (1994),1360
1368,Mina Tannenbaum (1994),1361
1369,"Forbidden Christ, The (Cristo proibito, Il) (1950)",1362
1370,I Can't Sleep (J'ai pas sommeil) (1994),1363
1371,"Machine, The (1994)",1364
1372,"Stranger, The (1994)",1365
1373,Good Morning (1971),1366
1374,Falling in Love Again (1980),1367
1375,"Cement Garden, The (1993)",1368
1376,Meet Wally Sparks (1997),1369
1377,Hotel de Love (1996),1370
1378,Rhyme & Reason (1997),1371
1379,Love and Other Catastrophes (1996),1372
1380,Hollow Reed (1996),1373
1381,Losing Chase (1996),1374
1382,"Bonheur, Le (1965)",1375
1383,"Second Jungle Book: Mowgli & Baloo, The (1997)",1376
1384,Squeeze (1996),1377
1385,Roseanna's Grave (For Roseanna) (1997),1378
1386,Tetsuo II: Body Hammer (1992),1379
1387,Fall (1997),1380
1388,Gabbeh (1996),1381
1389,Mondo (1996),1382
1390,"Innocent Sleep, The (1995)",1383
1391,For Ever Mozart (1996),1384
1392,"Locusts, The (1997)",1385
1393,Stag (1997),1386
1394,Swept from the Sea (1997),1387
1395,Hurricane Streets (1998),1388
1396,Stonewall (1995),1389
1397,Of Human Bondage (1934),1390
1398,Anna (1996),1391
1399,Stranger in the House (1997),1392
1400,Picture Bride (1995),1393
1401,M. Butterfly (1993),1394
1402,"Ciao, Professore! (1993)",1395
1403,Caro Diario (Dear Diary) (1994),1396
1404,Withnail and I (1987),1397
1405,Boy's Life 2 (1997),1398
1406,When Night Is Falling (1995),1399
1407,"Specialist, The (1994)",1400
1408,Gordy (1995),1401
1409,"Swan Princess, The (1994)",1402
1410,Harlem (1993),1403
1411,Barbarella (1968),1404
1412,Land Before Time III: The Time of the Great Giving (1995) (V),1405
1413,Street Fighter (1994),1406
1414,Coldblooded (1995),1407
1415,"Next Karate Kid, The (1994)",1408
1416,No Escape (1994),1409
1417,"Turning, The (1992)",1410
1418,"Joy Luck Club, The (1993)",1411
1419,Highlander III: The Sorcerer (1994),1412
1420,Gilligan's Island: The Movie (1998),1413
1421,My Crazy Life (Mi vida loca) (1993),1414
1422,Suture (1993),1415
1423,"Walking Dead, The (1995)",1416
1424,I Like It Like That (1994),1417
1425,I'll Do Anything (1994),1418
1426,Grace of My Heart (1996),1419
1427,Drunks (1995),1420
1428,SubUrbia (1997),1421
1429,Sliding Doors (1998),1422
1430,Ill Gotten Gains (1997),1423
1431,Legal Deceit (1997),1424
1432,"Mighty, The (1998)",1425
1433,Men of Means (1998),1426
1434,Shooting Fish (1997),1427
1435,"Steal Big, Steal Little (1995)",1428
1436,Mr. Jones (1993),1429
1437,House Party 3 (1994),1430
1438,Panther (1995),1431
1439,Jason's Lyric (1994),1432
1440,Above the Rim (1994),1433
1441,Moonlight and Valentino (1995),1434
1442,"Scarlet Letter, The (1995)",1435
1443,8 Seconds (1994),1436
1444,That Darn Cat! (1965),1437
1445,Ladybird Ladybird (1994),1438
1446,"Bye Bye, Love (1995)",1439
1447,Century (1993),1440
1448,My Favorite Season (1993),1441
1449,Pather Panchali (1955),1442
1450,Golden Earrings (1947),1443
1451,Foreign Correspondent (1940),1444
1452,Lady of Burlesque (1943),1445
1453,Angel on My Shoulder (1946),1446
1454,Angel and the Badman (1947),1447
1455,"Outlaw, The (1943)",1448
1456,Beat the Devil (1954),1449
1457,Love Is All There Is (1996),1450
1458,"Damsel in Distress, A (1937)",1451
1459,Madame Butterfly (1995),1452
1460,Sleepover (1995),1453
1461,Here Comes Cookie (1935),1454
1462,"Thieves (Voleurs, Les) (1996)",1455
1463,"Boys, Les (1997)",1456
1464,"Stars Fell on Henrietta, The (1995)",1457
1465,Last Summer in the Hamptons (1995),1458
1466,Margaret's Museum (1995),1459
1467,"Saint of Fort Washington, The (1993)",1460
1468,"Cure, The (1995)",1461
1469,Tom and Huck (1995),1462
1470,Gumby: The Movie (1995),1463
1471,Hideaway (1995),1464
1472,"Visitors, The (Visiteurs, Les) (1993)",1465
1473,"Little Princess, The (1939)",1466
1474,Nina Takes a Lover (1994),1467
1475,Bhaji on the Beach (1993),1468
1476,Raw Deal (1948),1469
1477,Nightwatch (1997),1470
1478,Dead Presidents (1995),1471
1479,Reckless (1995),1472
1480,Herbie Rides Again (1974),1473
1481,S.F.W. (1994),1474
1482,"Gate of Heavenly Peace, The (1995)",1475
1483,"Man in the Iron Mask, The (1998)",1476
1484,"Jerky Boys, The (1994)",1477
1485,"Colonel Chabert, Le (1994)",1478
1486,Girl in the Cadillac (1995),1479
1487,Even Cowgirls Get the Blues (1993),1480
1488,Germinal (1993),1481
1489,Chasers (1994),1482
1490,Fausto (1993),1483
1491,Tough and Deadly (1995),1484
1492,Window to Paris (1994),1485
1493,"Modern Affair, A (1995)",1486
1494,"Mostro, Il (1994)",1487
1495,Flirt (1995),1488
1496,Carpool (1996),1489
1497,"Line King: Al Hirschfeld, The (1996)",1490
1498,Farmer & Chase (1995),1491
1499,Grosse Fatigue (1994),1492
1500,Santa with Muscles (1996),1493
1501,Prisoner of the Mountains (Kavkazsky Plennik) (1996),1494
1502,Naked in New York (1994),1495
1503,Gold Diggers: The Secret of Bear Mountain (1995),1496
1504,"Bewegte Mann, Der (1994)",1497
1505,Killer: A Journal of Murder (1995),1498
1506,Nelly & Monsieur Arnaud (1995),1499
1507,Three Lives and Only One Death (1996),1500
1508,"Babysitter, The (1995)",1501
1509,Getting Even with Dad (1994),1502
1510,Mad Dog Time (1996),1503
1511,Children of the Revolution (1996),1504
1512,"World of Apu, The (Apur Sansar) (1959)",1505
1513,Sprung (1997),1506
1514,Dream With the Fishes (1997),1507
1515,Wings of Courage (1995),1508
1516,"Wedding Gift, The (1994)",1509
1517,Race the Sun (1996),1510
1518,Losing Isaiah (1995),1511
1519,New Jersey Drive (1995),1512
1520,"Fear, The (1995)",1513
1521,Mr. Wonderful (1993),1514
1522,Trial by Jury (1994),1515
1523,"Good Man in Africa, A (1994)",1516
1524,Kaspar Hauser (1993),1517
1525,"Object of My Affection, The (1998)",1518
1526,Witness (1985),1519
1527,Senseless (1998),1520
1528,Nowhere (1997),1521
1529,Underground (1995),1522
1530,Jefferson in Paris (1995),1523
1531,Far From Home: The Adventures of Yellow Dog (1995),1524
1532,Foreign Student (1994),1525
1533,I Don't Want to Talk About It (De eso no se habla) (1993),1526
1534,Twin Town (1997),1527
1535,"Enfer, L' (1994)",1528
1536,Aiqing wansui (1994),1529
1537,Cosi (1996),1530
1538,All Over Me (1997),1531
1539,Being Human (1993),1532
1540,"Amazing Panda Adventure, The (1995)",1533
1541,"Beans of Egypt, Maine, The (1994)",1534
1542,"Scarlet Letter, The (1926)",1535
1543,Johns (1996),1536
1544,It Takes Two (1995),1537
1545,Frankie Starlight (1995),1538
1546,Shadows (Cienie) (1988),1539
1547,"Show, The (1995)",1540
1548,The Courtyard (1995),1541
1549,Dream Man (1995),1542
1550,Destiny Turns on the Radio (1995),1543
1551,"Glass Shield, The (1994)",1544
1552,"Hunted, The (1995)",1545
1553,"Underneath, The (1995)",1546
1554,Safe Passage (1994),1547
1555,"Secret Adventures of Tom Thumb, The (1993)",1548
1556,Condition Red (1995),1549
1557,Yankee Zulu (1994),1550
1558,Aparajito (1956),1551
1559,Hostile Intentions (1994),1552
1560,Clean Slate (Coup de Torchon) (1981),1553
1561,Tigrero: A Film That Was Never Made (1994),1554
1562,"Eye of Vichy, The (Oeil de Vichy, L') (1993)",1555
1563,"Promise, The (Versprechen, Das) (1994)",1556
1564,To Cross the Rubicon (1991),1557
1565,Daens (1992),1558
1566,"Man from Down Under, The (1943)",1559
1567,Careful (1992),1560
1568,Vermont Is For Lovers (1992),1561
1569,"Vie est belle, La (Life is Rosey) (1987)",1562
1570,Quartier Mozart (1992),1563
1571,Touki Bouki (Journey of the Hyena) (1973),1564
1572,Wend Kuuni (God's Gift) (1982),1565
1573,Spirits of the Dead (Tre passi nel delirio) (1968),1566
1574,Pharaoh's Army (1995),1567
1575,"I, Worst of All (Yo, la peor de todas) (1990)",1568
1576,"Hungarian Fairy Tale, A (1987)",1569
1577,"Death in the Garden (Mort en ce jardin, La) (1956)",1570
1578,"Collectionneuse, La (1967)",1571
1579,Baton Rouge (1988),1572
1580,Liebelei (1933),1573
1581,"Woman in Question, The (1950)",1574
1582,T-Men (1947),1575
1583,"Invitation, The (Zaproszenie) (1986)",1576
1584,"Symphonie pastorale, La (1946)",1577
1585,American Dream (1990),1578
1586,Lashou shentan (1992),1579
1587,Terror in a Texas Town (1958),1580
1588,Salut cousin! (1996),1581
1589,Schizopolis (1996),1582
1590,"To Have, or Not (1995)",1583
1591,Duoluo tianshi (1995),1584
1592,"Magic Hour, The (1998)",1585
1593,Death in Brunswick (1991),1586
1594,Everest (1998),1587
1595,Shopping (1994),1588
1596,Nemesis 2: Nebula (1995),1589
1597,Romper Stomper (1992),1590
1598,City of Industry (1997),1591
1599,Someone Else's America (1995),1592
1600,Guantanamera (1994),1593
1601,Office Killer (1997),1594
1602,"Price Above Rubies, A (1998)",1595
1603,Angela (1995),1596
1604,He Walked by Night (1948),1597
1605,Love Serenade (1996),1598
1606,Deceiver (1997),1599
1607,Hurricane Streets (1998),1600
1608,Buddy (1997),1601
1609,B*A*P*S (1997),1602
1610,"Truth or Consequences, N.M. (1997)",1603
1611,Intimate Relations (1996),1604
1612,"Leading Man, The (1996)",1605
1613,Tokyo Fist (1995),1606
1614,"Reluctant Debutante, The (1958)",1607
1615,Warriors of Virtue (1997),1608
1616,Desert Winds (1995),1609
1617,Hugo Pool (1997),1610
1618,King of New York (1990),1611
1619,All Things Fair (1996),1612
1620,"Sixth Man, The (1997)",1613
1621,Butterfly Kiss (1995),1614
1622,"Paris, France (1993)",1615
1623,"Cérémonie, La (1995)",1616
1624,Hush (1998),1617
1625,Nightwatch (1997),1618
1626,Nobody Loves Me (Keiner liebt mich) (1994),1619
1627,"Wife, The (1995)",1620
1628,Lamerica (1994),1621
1629,Nico Icon (1995),1622
1630,"Silence of the Palace, The (Saimt el Qusur) (1994)",1623
1631,"Slingshot, The (1993)",1624
1632,Land and Freedom (Tierra y libertad) (1995),1625
1633,Á köldum klaka (Cold Fever) (1994),1626
1634,Etz Hadomim Tafus (Under the Domin Tree) (1994),1627
1635,Two Friends (1986) ,1628
1636,Brothers in Trouble (1995),1629
1637,Girls Town (1996),1630
1638,Normal Life (1996),1631
1639,Bitter Sugar (Azucar Amargo) (1996),1632
1640,"Eighth Day, The (1996)",1633
1641,Dadetown (1995),1634
1642,Some Mother's Son (1996),1635
1643,Angel Baby (1995),1636
1644,Sudden Manhattan (1996),1637
1645,"Butcher Boy, The (1998)",1638
1646,Men With Guns (1997),1639
1647,Hana-bi (1997),1640
1648,"Niagara, Niagara (1997)",1641
1649,"Big One, The (1997)",1642
1650,"Butcher Boy, The (1998)",1643
1651,"Spanish Prisoner, The (1997)",1644
1652,Temptress Moon (Feng Yue) (1996),1645
1653,Entertaining Angels: The Dorothy Day Story (1996),1646
1654,Chairman of the Board (1998),1647
1655,"Favor, The (1994)",1648
1656,Little City (1998),1649
1657,Target (1995),1650
1658,"Substance of Fire, The (1996)",1651
1659,Getting Away With Murder (1996),1652
1660,Small Faces (1995),1653
1661,"New Age, The (1994)",1654
1662,Rough Magic (1995),1655
1663,Nothing Personal (1995),1656
1664,8 Heads in a Duffel Bag (1997),1657
1665,"Brother's Kiss, A (1997)",1658
1666,Ripe (1996),1659
1667,"Next Step, The (1995)",1660
1668,Wedding Bell Blues (1996),1661
1669,MURDER and murder (1996),1662
1670,Tainted (1998),1663
1671,"Further Gesture, A (1996)",1664
1672,Kika (1993),1665
1673,Mirage (1995),1666
1674,Mamma Roma (1962),1667
1675,"Sunchaser, The (1996)",1668
1676,"War at Home, The (1996)",1669
1677,Sweet Nothing (1995),1670
1678,Mat' i syn (1997),1671
1679,B. Monkey (1998),1672
1680,Sliding Doors (1998),1673
1681,You So Crazy (1994),1674
1682,Scream of Stone (Schrei aus Stein) (1991),1675
